"id,""ident"",""type"",""name"",""latitude_deg"",""longitude_deg"",""elevation_ft"",""continent"",""iso_country"",""iso_region"",""municipality"",""scheduled_service"",""gps_code"",""iata_code"",""local_code"",""home_link"",""wikipedia_link"",""keywords"""
"6523,""00A"",""heliport"",""Total Rf Heliport"",40.07080078125,-74.93360137939453,11,""NA"",""US"",""US-PA"",""Bensalem"",""no"",""00A"",,""00A"",,,"
"323361,""00AA"",""small_airport"",""Aero B Ranch Airport"",38.704022,-101.473911,3435,""NA"",""US"",""US-KS"",""Leoti"",""no"",""00AA"",,""00AA"",,,"
"6524,""00AK"",""small_airport"",""Lowell Field"",59.94919968,-151.695999146,450,""NA"",""US"",""US-AK"",""Anchor Point"",""no"",""00AK"",,""00AK"",,,"
"6525,""00AL"",""small_airport"",""Epps Airpark"",34.86479949951172,-86.77030181884766,820,""NA"",""US"",""US-AL"",""Harvest"",""no"",""00AL"",,""00AL"",,,"
"6526,""00AR"",""closed"",""Newport Hospital & Clinic Heliport"",35.6087,-91.254898,237,""NA"",""US"",""US-AR"",""Newport"",""no"",,,,,,""00AR"""
"322127,""00AS"",""small_airport"",""Fulton Airport"",34.9428028,-97.8180194,1100,""NA"",""US"",""US-OK"",""Alex"",""no"",""00AS"",,""00AS"",,,"
"6527,""00AZ"",""small_airport"",""Cordes Airport"",34.305599212646484,-112.16500091552734,3810,""NA"",""US"",""US-AZ"",""Cordes"",""no"",""00AZ"",,""00AZ"",,,"
"6528,""00CA"",""small_airport"",""Goldstone /Gts/ Airport"",35.350498199499995,-116.888000488,3038,""NA"",""US"",""US-CA"",""Barstow"",""no"",""00CA"",,""00CA"",,,"
"324424,""00CL"",""small_airport"",""Williams Ag Airport"",39.427188,-121.763427,87,""NA"",""US"",""US-CA"",""Biggs"",""no"",""00CL"",,""00CL"",,,"
"322658,""00CN"",""heliport"",""Kitchen Creek Helibase Heliport"",32.7273736,-116.4597417,3350,""NA"",""US"",""US-CA"",""Pine Valley"",""no"",""00CN"",,""00CN"",,,"
"6529,""00CO"",""closed"",""Cass Field"",40.622202,-104.344002,4830,""NA"",""US"",""US-CO"",""Briggsdale"",""no"",,,,,,""00CO"""
"6531,""00FA"",""small_airport"",""Grass Patch Airport"",28.64550018310547,-82.21900177001953,53,""NA"",""US"",""US-FL"",""Bushnell"",""no"",""00FA"",,""00FA"",,,"
"6532,""00FD"",""heliport"",""Ringhaver Heliport"",28.846599578857422,-82.34539794921875,25,""NA"",""US"",""US-FL"",""Riverview"",""no"",""00FD"",,""00FD"",,,"
"6533,""00FL"",""small_airport"",""River Oak Airport"",27.230899810791016,-80.96920013427734,35,""NA"",""US"",""US-FL"",""Okeechobee"",""no"",""00FL"",,""00FL"",,,"
"6534,""00GA"",""small_airport"",""Lt World Airport"",33.76750183105469,-84.06829833984375,700,""NA"",""US"",""US-GA"",""Lithonia"",""no"",""00GA"",,""00GA"",,,"
"6535,""00GE"",""heliport"",""Caffrey Heliport"",33.889245,-84.73793,957,""NA"",""US"",""US-GA"",""Hiram"",""no"",""00GE"",,""00GE"",,,"
"6536,""00HI"",""heliport"",""Kaupulehu Heliport"",19.832715,-155.980233,43,""NA"",""US"",""US-HI"",""Kailua-Kona"",""no"",""00HI"",,""00HI"",,,"
"6537,""00ID"",""small_airport"",""Delta Shores Airport"",48.145301818847656,-116.21399688720703,2064,""NA"",""US"",""US-ID"",""Clark Fork"",""no"",""00ID"",,""00ID"",,,"
"322581,""00IG"",""small_airport"",""Goltl Airport"",39.724028,-101.395994,3359,""NA"",""US"",""US-KS"",""McDonald"",""no"",""00IG"",,""00IG"",,,"
"6538,""00II"",""closed"",""Bailey Generation Station Heliport"",41.644501,-87.122803,600,""NA"",""US"",""US-IN"",""Chesterton"",""no"",,,,,,""00II"""
"6539,""00IL"",""small_airport"",""Hammer Airport"",41.97840118408203,-89.5604019165039,840,""NA"",""US"",""US-IL"",""Polo"",""no"",""00IL"",,""00IL"",,,"
"6540,""00IN"",""heliport"",""St Mary Medical Center Heliport"",41.51139831542969,-87.2605972290039,634,""NA"",""US"",""US-IN"",""Hobart"",""no"",""00IN"",,""00IN"",,,"
"6541,""00IS"",""small_airport"",""Hayenga's Cant Find Farms Airport"",40.02560043334961,-89.1229019165039,820,""NA"",""US"",""US-IL"",""Kings"",""no"",""00IS"",,""00IS"",,,"
"6542,""00KS"",""small_airport"",""Hayden Farm Airport"",38.72779846191406,-94.93049621582031,1100,""NA"",""US"",""US-KS"",""Gardner"",""no"",""00KS"",,""00KS"",,,"
"6543,""00KY"",""small_airport"",""Robbins Roost Airport"",37.409400939941406,-84.61969757080078,1265,""NA"",""US"",""US-KY"",""Stanford"",""no"",""00KY"",,""00KY"",,,"
"45437,""00LA"",""heliport"",""Shell Chemical East Site Heliport"",30.191944,-90.980833,15,""NA"",""US"",""US-LA"",""Gonzales"",""no"",""00LA"",,""00LA"",,,"
"6544,""00LL"",""heliport"",""Ac & R Components Heliport"",39.66529846191406,-89.70559692382812,600,""NA"",""US"",""US-IL"",""Chatham"",""no"",""00LL"",,""00LL"",,,"
"6545,""00LS"",""small_airport"",""Lejeune Airport"",30.13629913330078,-92.42939758300781,12,""NA"",""US"",""US-LA"",""Esterwood"",""no"",""00LS"",,""00LS"",,,"
"6546,""00MD"",""small_airport"",""Slater Field"",38.75709915161133,-75.75379943847656,45,""NA"",""US"",""US-MD"",""Federalsburg"",""no"",""00MD"",,""00MD"",,,"
"6547,""00MI"",""heliport"",""Dow Chemical Heliport"",43.94940185546875,-86.41670227050781,588,""NA"",""US"",""US-MI"",""Ludington"",""no"",""00MI"",,""00MI"",,,"
"6548,""00MN"",""small_airport"",""Battle Lake Municipal Airport"",46.29999923706055,-95.70030212402344,1365,""NA"",""US"",""US-MN"",""Battle Lake"",""no"",""00MN"",,""00MN"",,,"
"6549,""00MO"",""small_airport"",""Cooper Flying Service Airport"",37.202800750732,-94.412399291992,970,""NA"",""US"",""US-MO"",""Alba"",""no"",""00MO"",,""00MO"",,,""5K8"""
"324642,""00MT"",""heliport"",""Livingston Healthcare Heliport"",45.675,-110.52515,4465,""NA"",""US"",""US-MT"",""Livingston"",""no"",""00MT"",,""00MT"",,,"
"6551,""00N"",""small_airport"",""Bucks Airport"",39.473201751708984,-75.1852035522461,105,""NA"",""US"",""US-NJ"",""Bridgeton"",""no"",""00N"",,""00N"",,,"
"6552,""00NC"",""small_airport"",""North Raleigh Airport"",36.085201263427734,-78.37139892578125,348,""NA"",""US"",""US-NC"",""Louisburg"",""no"",""00NC"",,""00NC"",,,"
"6553,""00NJ"",""heliport"",""Colgate-Piscataway Heliport"",40.52090072631836,-74.47460174560547,78,""NA"",""US"",""US-NJ"",""New Brunswick"",""no"",""00NJ"",,""00NJ"",,,"
"321919,""00NK"",""seaplane_base"",""Cliche Cove Seaplane Base"",44.8118612,-73.3698057,96,""NA"",""US"",""US-NY"",""Beekmantown"",""no"",""00NK"",,""00NK"",,,"
"6554,""00NY"",""small_airport"",""Weiss Airfield"",42.90010070800781,-77.49970245361328,1000,""NA"",""US"",""US-NY"",""West Bloomfield"",""no"",""00NY"",,""00NY"",,,"
"6555,""00OH"",""closed"",""Exit 3 Airport"",41.590476,-84.141583,785,""NA"",""US"",""US-OH"",""Wauseon"",""no"",,,,,,""64D, 00OH"""
"6556,""00OI"",""heliport"",""Miami Valley Hospital Heliport"",39.74530029296875,-84.1874008178711,905,""NA"",""US"",""US-OH"",""Dayton"",""no"",""00OI"",,""00OI"",,,"
"328503,""00OK"",""small_airport"",""Gull Bay Landing Airport"",36.198598,-96.217693,960,""NA"",""US"",""US-OK"",""Sandsprings"",""no"",""00OK"",,""00OK"",,,"
"6557,""00OR"",""heliport"",""Steel Systems Heliport"",44.932899475097656,-123.12999725341797,195,""NA"",""US"",""US-OR"",""Salem"",""no"",""00OR"",,""00OR"",,,"
"6558,""00PA"",""heliport"",""R J D Heliport"",39.94889831542969,-75.74690246582031,402,""NA"",""US"",""US-PA"",""Coatesville"",""no"",""00PA"",,""00PA"",,,"
"45773,""00PN"",""small_airport"",""Ferrell Field"",41.2995,-80.211111,1301,""NA"",""US"",""US-PA"",""Mercer"",""no"",""00PN"",,""00PN"",,,"
"6559,""00PS"",""closed"",""Thomas Field"",40.3778,-77.365303,815,""NA"",""US"",""US-PA"",""Loysville"",""no"",,,,,,""00PS"""
"6560,""00S"",""small_airport"",""McKenzie Bridge State Airport"",44.181466,-122.086,1620,""NA"",""US"",""US-OR"",""Blue River"",""no"",,,""00S"",,""https://en.wikipedia.org/wiki/McKenzie_Bridge_State_Airport"","
"6561,""00SC"",""small_airport"",""Flying O Airport"",34.0093994140625,-80.26719665527344,150,""NA"",""US"",""US-SC"",""Sumter"",""no"",""00SC"",,""00SC"",,,"
"330391,""00SD"",""small_airport"",""Homan Field"",44.809158,-96.498897,1590,""NA"",""US"",""US-SD"",""Gary"",""no"",""00SD"",,""00SD"",,,"
"6562,""00TA"",""closed"",""SW Region FAA Heliport"",32.8269,-97.305801,598,""NA"",""US"",""US-TX"",""Fort Worth"",""no"",,,,,,""00TA"""
"6563,""00TE"",""heliport"",""Tcjc-Northeast Campus Heliport"",32.847599029541016,-97.18949890136719,600,""NA"",""US"",""US-TX"",""Fort Worth"",""no"",""00TE"",,""00TE"",,,"
"6564,""00TN"",""small_airport"",""Ragsdale Road Airport"",35.515899658203125,-85.95359802246094,1100,""NA"",""US"",""US-TN"",""Manchester"",""no"",""00TN"",,""00TN"",,,"
"6565,""00TS"",""small_airport"",""Alpine Range Airport"",32.607601165771484,-97.24199676513672,670,""NA"",""US"",""US-TX"",""Everman"",""no"",""00TS"",,""00TS"",,,"
"6566,""00TX"",""closed"",""San Jacinto Methodist Hospital Heliport"",29.7377,-94.980201,19,""NA"",""US"",""US-TX"",""Baytown"",""no"",,,,,,""00TX"""
"6567,""00UT"",""closed"",""Clear Creek Ranch Airport"",37.247799,-112.821998,6138,""NA"",""US"",""US-UT"",""Kanab"",""no"",,,,,,""00UT, U21"""
"6568,""00VA"",""small_airport"",""Vaughan Airport"",36.57600021,-78.9991684,551,""NA"",""US"",""US-VA"",""Alton"",""no"",""00VA"",,""00VA"",,,"
"6569,""00VI"",""small_airport"",""Groundhog Mountain Airport"",36.663299560546875,-80.49949645996094,2680,""NA"",""US"",""US-VA"",""Hillsville"",""no"",""00VI"",,""00VI"",,,"
"6570,""00W"",""small_airport"",""Lower Granite State Airport"",46.673500061035,-117.44300079346,719,""NA"",""US"",""US-WA"",""Colfax"",""no"",""00W"",,""00W"",""http://www.wsdot.wa.gov/aviation/AllStateAirports/Colfax_LowerGraniteState.htm"",,""0WA0"""
"6571,""00WA"",""small_airport"",""Howell Airport"",47.17839813232422,-122.77200317382812,150,""NA"",""US"",""US-WA"",""Longbranch"",""no"",""00WA"",,""00WA"",,,"
"6572,""00WI"",""small_airport"",""Northern Lite Airport"",44.304298400878906,-89.05010223388672,860,""NA"",""US"",""US-WI"",""Waupaca"",""no"",""00WI"",,""00WI"",,,"
"6573,""00WN"",""small_airport"",""Hawks Run Airport"",46.25,-117.2490005493164,2900,""NA"",""US"",""US-WA"",""Asotin"",""no"",""00WN"",,""00WN"",,,"
"6574,""00WV"",""small_airport"",""Lazy J. Aerodrome"",38.82889938354492,-79.86609649658203,2060,""NA"",""US"",""US-WV"",""Beverly"",""no"",""00WV"",,""00WV"",,,"
"322300,""00WY"",""heliport"",""Mountain View Regional Hospital Heliport"",42.840361,-106.224443,5210,""NA"",""US"",""US-WY"",""Casper"",""no"",""00WY"",,""00WY"",,,"
"6575,""00XS"",""small_airport"",""L P Askew Farms Airport"",33.03340148925781,-101.93399810791016,3110,""NA"",""US"",""US-TX"",""O'Donnell"",""no"",""00XS"",,""00XS"",,,"
"6576,""01A"",""small_airport"",""Purkeypile Airport"",62.943599700927734,-152.27000427246094,1950,""NA"",""US"",""US-AK"",""Purkeypile"",""no"",""01A"",,""01A"",,,"
"6577,""01AK"",""heliport"",""Providence Seward Medical Center Heliport"",60.105873975399994,-149.446249008,120,""NA"",""US"",""US-AK"",""Seward"",""no"",""01AK"",,""01AK"",,,"
"6578,""01AL"",""small_airport"",""Ware Island Airport"",32.94599914550781,-86.51390075683594,344,""NA"",""US"",""US-AL"",""Clanton"",""no"",""01AL"",,""01AL"",,,"
"6579,""01AR"",""heliport"",""Community Hospital of De Queen Heliport"",34.047298431396484,-94.35489654541016,400,""NA"",""US"",""US-AR"",""De Queen"",""no"",""01AR"",,""01AR"",,,"
"6580,""01AZ"",""heliport"",""Yat Heliport"",34.60810089111328,-111.86499786376953,3300,""NA"",""US"",""US-AZ"",""Camp Verde"",""no"",""01AZ"",,""01AZ"",,,"
"6581,""01C"",""closed"",""Grant Airport"",43.341701507568,-85.775001525879,815,""NA"",""US"",""US-MI"",""Grant"",""no"",""01C"",,""01C"",,""https://en.wikipedia.org/wiki/Grant_Airport"","
"6582,""01CA"",""heliport"",""Lugo Substation Heliport"",34.368240591699994,-117.370058745,3733,""NA"",""US"",""US-CA"",""Hesperia"",""no"",""01CA"",,""01CA"",,,"
"6583,""01CL"",""small_airport"",""Swansboro Country Airport"",38.79990005493164,-120.73400115966797,2594,""NA"",""US"",""US-CA"",""Placerville"",""no"",""01CL"",,""01CL"",,,"
"6584,""01CN"",""heliport"",""Los Angeles County Sheriff's Department Heliport"",34.03779983520508,-118.15399932861328,300,""NA"",""US"",""US-CA"",""Los Angeles"",""no"",""01CN"",,""01CN"",,,"
"6585,""01CO"",""heliport"",""St Vincent General Hospital Heliport"",39.24530029296875,-106.24600219726562,10175,""NA"",""US"",""US-CO"",""Leadville"",""no"",""01CO"",,""01CO"",,,"
"6586,""01CT"",""heliport"",""Berlin Fairgrounds Heliport"",41.62730026245117,-72.72750091552734,60,""NA"",""US"",""US-CT"",""Berlin"",""no"",""01CT"",,""01CT"",,,"
"6587,""01FA"",""small_airport"",""Rybolt Ranch Airport"",28.589399337768555,-81.14420318603516,55,""NA"",""US"",""US-FL"",""Orlando"",""no"",""01FA"",,""01FA"",,,"
"6588,""01FD"",""heliport"",""Advent Health Altamonte Springs Heliport"",28.666639,-81.3697,86,""NA"",""US"",""US-FL"",""Altamonte Springs"",""no"",""01FD"",,""01FD"",,,""Florida Hospital-Altamonte"""
"6589,""01FL"",""small_airport"",""Cedar Knoll Flying Ranch Airport"",28.78190040588379,-81.1592025756836,19,""NA"",""US"",""US-FL"",""Geneva"",""no"",""01FL"",,""01FL"",,,"
"6590,""01GA"",""heliport"",""Medical Center Heliport"",32.47930145263672,-84.9791030883789,319,""NA"",""US"",""US-GA"",""Columbus"",""no"",""01GA"",,""01GA"",,,"
"6591,""01GE"",""small_airport"",""The Farm Airport"",32.674400329589844,-82.77110290527344,375,""NA"",""US"",""US-GA"",""Wrightsville"",""no"",""01GE"",,""01GE"",,,"
"6592,""01IA"",""small_airport"",""Stender Airport"",41.66109848022461,-90.74130249023438,725,""NA"",""US"",""US-IA"",""Maysville"",""no"",""01IA"",,""01IA"",,,"
"6530,""01ID"",""small_airport"",""Lava Hot Springs Airport"",42.6082,-112.031998,5268,""NA"",""US"",""US-ID"",""Lava Hot Springs"",""no"",""01ID"",,""01ID"",,,""Formerly 00E, ID26"""
"6593,""01II"",""small_airport"",""Myers Field"",39.8849983215332,-86.50669860839844,950,""NA"",""US"",""US-IN"",""Lizton"",""no"",""01II"",,""01II"",,,"
"6594,""01IL"",""heliport"",""Hoopeston Community Memorial Hospital Heliport"",40.45859909057617,-87.65950012207031,583,""NA"",""US"",""US-IL"",""Hoopeston"",""no"",""01IL"",,""01IL"",,,"
"6595,""01IN"",""heliport"",""Community Hospital Heliport"",40.13090133666992,-85.69580078125,890,""NA"",""US"",""US-IN"",""Anderson"",""no"",""01IN"",,""01IN"",,,"
"6596,""01IS"",""small_airport"",""William E. Koenig Airport"",39.01620101928711,-90.31819915771484,670,""NA"",""US"",""US-IL"",""Dow"",""no"",""01IS"",,""01IS"",,,"
"6597,""01J"",""small_airport"",""Hilliard Airpark"",30.68630027770996,-81.90570068359375,59,""NA"",""US"",""US-FL"",""Hilliard"",""no"",""01J"",,""01J"",,,"
"6598,""01K"",""small_airport"",""Caldwell Municipal Airport"",37.03609848022461,-97.5864028930664,1157,""NA"",""US"",""US-KS"",""Caldwell"",""no"",""01K"",,""01K"",,,"
"6599,""01KS"",""small_airport"",""Flying N Ranch Airport"",38.54059982299805,-97.00330352783203,1485,""NA"",""US"",""US-KS"",""Lost Springs"",""no"",""01KS"",,""01KS"",,,"
"6600,""01KY"",""heliport"",""Lourdes Hospital Heliport"",37.051700592041016,-88.64689636230469,419,""NA"",""US"",""US-KY"",""Paducah"",""no"",""01KY"",,""01KY"",,,"
"6601,""01LA"",""small_airport"",""Barham Airport"",32.638999938964844,-91.77369689941406,90,""NA"",""US"",""US-LA"",""Oak Ridge"",""no"",""01LA"",,""01LA"",,,"
"6602,""01LL"",""small_airport"",""Schumaier Restricted Landing Area"",38.12580108642578,-89.46389770507812,555,""NA"",""US"",""US-IL"",""Pinckneyville"",""no"",""01LL"",,""01LL"",,,"
"6603,""01LS"",""small_airport"",""Country Breeze Airport"",30.70599937438965,-91.07740020751953,125,""NA"",""US"",""US-LA"",""Slaughter"",""no"",""01LS"",,""01LS"",,,"
"6604,""01MA"",""heliport"",""Compaq Andover Heliport"",42.625099182128906,-71.18009948730469,140,""NA"",""US"",""US-MA"",""Andover"",""no"",""01MA"",,""01MA"",,,"
"6605,""01MD"",""seaplane_base"",""Annapolis Seaplane Base"",38.999199,-76.456001,,""NA"",""US"",""US-MD"",""Annapolis"",""no"",""01MD"",,""01MD"",,,"
"6606,""01ME"",""seaplane_base"",""Saint Peter's Seaplane Base"",46.778900146484375,-68.50029754638672,608,""NA"",""US"",""US-ME"",""Portage Lake"",""no"",""01ME"",,""01ME"",,,"
"6607,""01MI"",""heliport"",""Flow Through Terminal Heliport"",43.04949951171875,-83.67970275878906,736,""NA"",""US"",""US-MI"",""Flint"",""no"",""01MI"",,""01MI"",,,"
"6608,""01MN"",""seaplane_base"",""Barnes Seaplane Base"",47.899600982666016,-92.55740356445312,1358,""NA"",""US"",""US-MN"",""Cook"",""no"",""01MN"",,""01MN"",,,"
"6609,""01MO"",""heliport"",""Highway Patrol Troop C Headquarters Heliport"",38.641700744628906,-90.48429870605469,615,""NA"",""US"",""US-MO"",""Town and Country"",""no"",""01MO"",,""01MO"",,,"
"6610,""01MT"",""small_airport"",""Crystal Lakes Resort Airport"",48.789100646972656,-114.87999725341797,3141,""NA"",""US"",""US-MT"",""Fortine"",""no"",""01MT"",,""01MT"",,,"
